precision,recall
0.02980895435321569,1.0
0.7701582516955539,1.0
0.9125,1.0
0.9419354838709677,1.0
0.9515828677839852,1.0
0.9817483189241114,1.0
0.9980372914622179,0.9951076320939335
0.9980353634577603,0.9941291585127201
0.9980314960629921,0.9921722113502935
0.9980295566502463,0.9911937377690803
0.998017839444995,0.9853228962818004
0.9989429175475687,0.9246575342465754
0.9987908101571947,0.8082191780821918
0.9987684729064039,0.7935420743639922
0.998766954377312,0.7925636007827789
0.9987654320987654,0.7915851272015656
0.9987639060568603,0.7906066536203522
1.0,0.7348336594911937
1.0,0.5499021526418787
1.0,0.0
