window_start_step,window_end_step,feature,psi,n_rows
1,51,orig_balance_discrepancy,0.0018,454086
1,51,dest_balance_discrepancy,0.2511,454086
1,51,orig_drain_ratio,0.0008,454086
1,51,dest_amount_ratio,0.0018,454086
51,101,orig_balance_discrepancy,0.0263,9224
51,101,dest_balance_discrepancy,0.0448,9224
51,101,orig_drain_ratio,0.0614,9224
51,101,dest_amount_ratio,0.0123,9224
101,151,orig_balance_discrepancy,0.0039,198821
101,151,dest_balance_discrepancy,0.0025,198821
101,151,orig_drain_ratio,0.0018,198821
101,151,dest_amount_ratio,0.0007,198821
151,201,orig_balance_discrepancy,0.0012,383197
151,201,dest_balance_discrepancy,0.004,383197
151,201,orig_drain_ratio,0.0007,383197
151,201,dest_amount_ratio,0.0006,383197
201,251,orig_balance_discrepancy,0.0012,377431
201,251,dest_balance_discrepancy,0.0208,377431
201,251,orig_drain_ratio,0.0003,377431
201,251,dest_amount_ratio,0.0003,377431
251,301,orig_balance_discrepancy,0.0104,357785
251,301,dest_balance_discrepancy,0.0372,357785
251,301,orig_drain_ratio,0.003,357785
251,301,dest_amount_ratio,0.0009,357785
301,351,orig_balance_discrepancy,0.0117,380409
301,351,dest_balance_discrepancy,0.0299,380409
301,351,orig_drain_ratio,0.0052,380409
301,351,dest_amount_ratio,0.0013,380409
351,401,orig_balance_discrepancy,0.0008,368583
351,401,dest_balance_discrepancy,0.0511,368583
351,401,orig_drain_ratio,0.0004,368583
351,401,dest_amount_ratio,0.0009,368583
401,451,orig_balance_discrepancy,0.0116,96619
401,451,dest_balance_discrepancy,0.0489,96619
401,451,orig_drain_ratio,0.0041,96619
401,451,dest_amount_ratio,0.0028,96619
451,501,orig_balance_discrepancy,0.0141,19624
451,501,dest_balance_discrepancy,0.1078,19624
451,501,orig_drain_ratio,0.0243,19624
451,501,dest_amount_ratio,0.0091,19624
501,551,orig_balance_discrepancy,0.0043,42409
501,551,dest_balance_discrepancy,0.105,42409
501,551,orig_drain_ratio,0.0081,42409
501,551,dest_amount_ratio,0.0037,42409
551,601,orig_balance_discrepancy,0.0108,38671
551,601,dest_balance_discrepancy,0.1129,38671
551,601,orig_drain_ratio,0.0262,38671
551,601,dest_amount_ratio,0.0072,38671
601,651,orig_balance_discrepancy,0.0753,9265
601,651,dest_balance_discrepancy,0.1198,9265
601,651,orig_drain_ratio,0.1077,9265
601,651,dest_amount_ratio,0.0226,9265
651,701,orig_balance_discrepancy,0.0053,29068
651,701,dest_balance_discrepancy,0.1018,29068
651,701,orig_drain_ratio,0.0209,29068
651,701,dest_amount_ratio,0.0092,29068
701,751,orig_balance_discrepancy,0.1314,5217
701,751,dest_balance_discrepancy,0.1203,5217
701,751,orig_drain_ratio,0.7642,5217
701,751,dest_amount_ratio,0.2635,5217
